ID,Username,First Name
8724288780,MohamedElhadj,بن عبد الكريم محمد الحاج
5992583287,afifaff,عبدول جنب
7158862424,Mohammed95044,ابو
8024869424,mubashara12,MUBASHARA BIN
5975955250,nira_jm,Niran
7653366186,Azrafy,Saint
5577621890,Mb_p1,𓃬
162726413,GroupHelpBot,Group Help
1087968824,GroupAnonymousBot,Group
7556869345,Arnoldflashh,Arnold ⚡💥Flasher🔥
7580306468,T_T_x9,ميرال
7144052562,sido114,sido
5161231544,WST33,رجالة الدرب الاحمر
7469466956,Yousef_Mahfouz11,Yousef mahfouz
7437367845,Kamalbalawii,Kamal Balawi
7430782746,Khattab65,KHATTAB
7346322491,Crespo555555,Ahmed Crespo
7316142063,bbhgghkookk,Lolitta
7299609114,Aboomar101111,محمد طلعت
7283374666,Yasin236461,Ahmed
7277878257,Abdoooooaa,Abdul Rahman mohamed
7270919611,Mona_Tanttawie,مني ممدوح
7265773040,nahoda366,N🎀
7045756106,Arrvvaaaa,ام لوز ♡
6824022321,Ggsyggy,ليان
8486272812,weygfhf,Saudi5
6042090943,louay43,Loua
6850589559,Hudawillia,Hudawilliams
7627990035,Ezrahen,Henry
5559284662,HAMZAF7,HAMZA
1929778181,Aekchergui,Aek
6236167426,ProfessorMustafaAgah11,Professor Mustafa
8214010228,Anasebe,Ar
6965381603,Silamarketingagency,Sila -
6408861721,mohamedan21,🐺
6764488159,Jihan_Al_Harbi,🫶جيهان الحربي 🇸🇦💯
7875753541,SamiAbdullah1,سامي
8122850063,noorTdawl585,نور
8779405804,aqwcz32,Mustafa Ali
7710401352,official_princessofgold1,خيطان نور
6077371015,fan0yml9rz822u4,Fatima
8109979839,amira123120,Amira
1456507891,SomiaDj,سُميّة
6214499349,Gnerud,Ralph wallet activator
8393866179,jag57ba,Batoul 🇸🇦
7654872432,Asasfyj,Islam
8667669286,Nnnnaaajjjood,تركي
7307114968,gfddkgddg,مداومه حيف حسن
7992501949,facaishunli668,Mabuehl
2098903822,Hjoujou22,Hadjer
2123177352,WatcherGuruChat2025,vianta
8774988776,kimberlybruna1,Kimberly
7019075249,brbmw,𝑷𝒉𝒐𝒕𝒐𝒈𝒓𝒂𝒑𝒉𝒚 ×
5521219140,medvallelemane,Med Val
5473838922,DRAVIX_1B,I
8041082081,bdjdikw5,عبدالله الزهراني
5923372275,Amouraaa48,Yakin
5520566372,AdemMEDO,Dz
7876539975,Meziane86,Nadjim
7945800012,Rudyna301,Rudyna
8201015599,ProfessorRoot_DZ,꧁𓆩🧠
5457146642,Walidovloulou,walid
7568285804,AMEERAT0015,AMEERAT ABDULLAH
1730064634,MustafaMalek9,Mustafa Malek
7839848495,Usdtbuyandsall,Usdt
8094064871,Abdullazik,عبد العزيز
6311465122,mohamedchai,Mohamed
8420525273,MustafaKhalid372,Mustafa
7933092018,Oum345,Oum
5809325995,tiu_v2,Санкал
8785768790,kuigggg,أبو خالد
6841367432,XO_KHALIL_OX,Khalil
7398251115,om_youssef_05,الحمد
6166075211,faaapu5l8qtudgn,𝐓𝐇𝐔𝐑𝐒𝐃𝐀𝐘
6471684250,faojz32mk3yvjvi,𝐓𝐔𝐄𝐒𝐃𝐀𝐘.♡
5857254641,G_R_iio12,ام ملاك
7115468866,fa01gtxtiodrmg7,Noorh
1095012179,Akro16,mimo
6636923554,Vagavex,Mohamedd
8020545786,fhdhjkg,ابو نايف
8155477891,dfgrgrgfffbg,Saren
7513763801,Whbbvv,رانيا العتيبي
5662412793,Hrguj,ام ياسر
8671913604,Azabdell,Abdellah
6179141097,Mou4828,Islam
5841954215,Hakimpro28,HAKIM PRO
5434803750,Yassass2,Yasser
5752016670,yazzen21,꧁✨🆈🅰🆉🆉🅴🅽✨꧂
7758506745,Marwan1990xp,Marwan
8488041281,prettyloner45,Clara
7952692908,callmangel6,Angel
7704978201,mnaehl1258,🌴
1661709240,Badredin28,Badre Din
8532763498,ck_963,.BL
8195453965,ok_cr21,X___
5510964108,AMINOUSSA,OUSS
8561089895,djsak921,aid
8083910040,Yano867,Yano
7877079258,Oran310m,N.M.S.K
8542282903,auuu6890,dyufu
7683545747,Anthonybriggs,Anthony
7848444081,Laprincese99,La💄princese
7653474578,HDjwkekfks,الهنوف
6160703322,amineeehamzaoui,Amine
7627919066,tyma909,فاطمة اسماعيل
7731396527,MariamIbrahim65,Mariam
8087423498,dz_numbers_store,DZ Numbers
6851811540,Aymen0100,Kadi
8726042735,abubakar4982,Abubakar
8623400024,Fatima46829,Fatima
6743096926,PayZiina,بايزينة - payzina
5805381791,SuhailAjawid,Mohamed
1281873967,Sanaa123444,Amina
1778162304,direct010,مجموعة سفراء العرب
8281680474,mohkr21,VIP
8590022842,tcresb,مكي
5947157692,Abibenha,Aziz
6455976229,Melloukibrahim,Mellouki
7752269217,Abdelakeem10,Abdallah Akeem
6514628766,kl_rachda,ЅҒ
6542340729,younedz7,𝚈𝚘𝚞𝚗𝚎𝚜 𝙰𝙻𝙶
7119991889,Billeybos,Youseef
7568834318,opgs122,ريم القحطاني
7237400147,Acherf_tx,Achref
6489507532,mee44sa,shahin
5724548625,Kameillo,Kamel
7191336649,Kianodd,Dekoum
8111392838,bbbkgp,المهلا
1013071938,Montelegmt,Telegramo
5495183400,Wailwailo4,Waël
8476636020,ZKS5hf,Nada 🇸🇦
8381908158,hqv56hq,Nada 🇸🇦
7523198091,fyiukl,حسام
7682047049,Maria21wMaria,ماريه
7210271872,princess089982,Princess Reem
8731552463,Abdulhabib33311,Yousef
8235053403,jPbj3oX8FEc,Sara
7204239076,mustapha088,بن عبد الله
8546689077,Arslangv_MA,Марсель
8014136668,kheeen1,ابــوالــمـســاكــيــن💌
7606491149,Hasana115,حسناء موسى💖
8370689406,Hcvej,فاطمه سعود
7142060644,hhkngu,عامر خميس
8720185088,hhejekbw,Khalid
7575384177,Fahad_245653,Fahad
8126367904,AlaQunaibi,Ala Qunaibi
7759611058,Alexflasher1,Alex
7662763463,mustapha14e,Sabirin omar Farah
6083357251,Abd_16tm,Abd_16tm
6310627577,Amira4519,Amira
7691409117,anbelell223,I’m available for sex
6441202832,Walid200715,Walid
941924648,mahdimeh08,Mahdi
5081604716,Dossaamel,@dossz
7445704955,abdelbassetbnr,aвdelвaѕѕeт 🍃
8222009340,Iyedamine,Iyed
8499176303,Ibbjjvjvvj,dfgh dfgh
7607416592,Y4YjY,Ганфури
6673361639,barhii05,🔹BRAHIM🔹
5810097186,Kadar_42,🐍Abdou
5894323932,mohamedadda,Mohamed
8575578572,hishamk54,Hisham Kamal
8360507773,ELDin582,Osama Nasr El-Din Ahmed Ahmed Awad
8594385791,x_mooh_x,‌⸎
1825173676,bafuuuuu,Dididi
7915134977,zitounimz,Nacim
8022723944,Uziepri,وسيط
7612303904,Algeria107,عبدالرؤوف
6054430250,Aissambouamra,Bm6
7162181734,dndndnddddnm,Boha
6030295563,R4Urel,ايمن
5559949905,hamza43,Hamza
1393126494,Matshopitshoino,Faycal zahaf
7217517125,EgyptianCustom,EGYPTIAN CUSTOM AUTHORITY
839543183,Abdalmaged2003,abdalmaged al-hussen
641952064,Wisse12,loulou
7769466548,zainab46z,💤زينب
6066200030,SEEDsamidz_dz,📦 Bums
7671072944,momMuhammad111,Momi
6598149719,atallhalaidi,Atallha
8526295292,gfdfdd47,خالد
7972275229,fdgcfx5,M̷o̷𓂆a̷d̷.̷_K̷i̷k̷l̷e̷ 🦅🇩🇿
7561482447,mohamadeAbdullah,عبدالله
8147505239,de9awivri,‏virement
8506644456,SUMAlHA667,KHADIJA BIN MUHAMMAD
5429852526,diablo87f,Just me
8187091915,Yousef3242,Yousef
6761316627,Abdelkader08,🥠 Abdelkader 08
7787415097,toumi_yaakoub,yakoub
7933655573,noorahth,Noora
6832936522,DHOFFIFSDFK,ابو محمد ️
7778387260,Aishatu09,Mustapha
8181510199,Ammina941,أمينة
7735565165,asaafstore1,عساف ستور
7426617160,Achitc,Lk
7733203721,whfsbdb,أمينة عمر
8227976105,Fameeta22,Mrs Fateemarh Mustafa
7650189686,gxfy8hf,العنود
7696704932,Hsbcbankmanager001,MR PHILIP
7645305472,RashaAbdelAal,Rasha Abdel Aal.
5900700249,Messaoudisaid,Said
7663731021,CEOAHMEDDMCC1,AHMED
5377481473,Misssawsan12,Sawsan
8338431982,hvoba489,عبدالله الكفو 🐾
8459175666,decnk841,منيره 💎
8458402726,ygtwx840,روان 🦋
8427119687,msspw546,ناصر 🛡️
8426732116,yirsh426,رنا 💃
8421560788,tehlt580,تم
8418216154,aapod659,تم
8343119389,uspjj718,Lily Young
8338703660,wbzts378,جود 💖
8338111852,kqlsn020,تم
8326309165,kksvp678,Zoey Scott
8275298322,hzzzq502,نوران 💡
8264741457,pezku136,Stella Torres
8252243173,zkzey539,بندر 🛩️
8246483962,bwyra189,Harper Martin
8234468759,ohtcx635,تهاني 🥰
8232983089,eriqv730,٦٠
8172156321,xpbrm504,تم
8171300403,hfeeo387,Harper Martin
7470997636,jmbwu579,Aria Walker
7334786586,vomte034,سعود 💎
7257086907,xhgun554,Lincoln Hill
8182130592,mauhh350,تم
8050993676,fasqs419,تم
8019527202,fdopt553,Jayden Scott
7842565281,nitmm037,Zoey Scott
7820733934,oshlt532,Sophia Martinez
8415744382,lqkep463,Mateo Jackson
8374660452,ibzjp748,٤٠
8370909257,nctbg541,Lucas Davis
8367566348,ouqwe455,Mateo Jackson
8362919126,uheck690,Benjamin Miller
8331134187,fzkls023,Owen Lee
8308758660,zxqwq663,تم
8258132301,xhboo336,٣٠
8232088774,xrbki446,تم
8216852931,xdgse586,دلال 😚
8194654876,aoamn162,Evelyn Moore
8194469803,kfgct914,٧٠
8185362915,fiems213,Leah Hill
8160510245,omfpe961,Grayson King
8062188689,mrrec789,Jacob Wilson
7833737722,xpgau376,تم
7611402022,rshqp869,Owen Lee
7594660898,lgtmn707,Elijah Brown
7481911578,hkode719,David Clark
7081202092,xnkyk818,لين 🌼
6385131486,Fadi748154,Ahmed
6658560313,Aymen1233333,aymain
7545924500,fatimaibrahim91e,فاطمة
7084386572,yara2136,𝚈𝙰𝚁𝙰♡𝄪
5248486721,Kingbom22,mourad
6970030701,evie0059,Evie
1686231323,Justm2025,Yah
6247780120,ABDELHADI2124,Abdelhadi
7994356137,mayshi01,May
6973394099,Muhammad02117,Yakub muhammad
7557767944,Binsaeed6,Bin
2028635832,HOCINE199229,Hocine
6317865755,Ibrahimm43xmm,3ابراهيم 🇩🇿🇵🇸 4
5524207091,Asinate21,♕︎ꨄ︎☘︎❦︎ఌ︎ꨄ︎♕︎
7630678978,f_dg_5,محمود
6154910185,klimaior,Kimo🤎🎉
885294156,CEO_Maqbil,maqbil
991724741,incoins,محمد
7804672818,ishakboukhech,Ishak
5325353910,Lidassidas,Sssss
6135697938,goudjil_fouad,Fouad
5244804642,LOCADZ,LOCA
6224132333,MekkalSh,N.M
5108125919,F_bkz05,F.11
5172445252,coach_suport,Cch
5550762286,Bigiii123,جيفرس
7812574019,HALIMA0066,أحمد
6642144755,SMsalim333,Salim
7097949372,AymenUsd,Aymen Dz
7732798451,med31_bzn,Dib🖤💈
7552975734,lubna006,LUBNA BINT KHALID AL QASIM
1249564852,Seislame,بوفليغة
8061891790,Noussa12_AK,Noussaiba
5225673263,fatimlou,فاطـم 𓂃 ִֶָ
6182691262,sadjedharrat,sadjed
8488383191,Aboudi6363,✨ABOUD✨
1566807383,SSssllloo,Alpaca🆙 UXUY🦁️💲BLM
7537836629,asdxcsx,N.M
7841853959,F198207,F
5224108918,Hanog1992,امين مينو
5422762243,jhonnash,Jhon
8278622267,Ouss123dnx,L'ouss
6162496291,aieudhshs,Kamel
7378353395,AyoUb9300,Abd
7718616911,Hicham060,HICHAM
7875986389,hhhjnioko,رد
6879899968,Vuvivivihoj,Jv
7233136259,SeUhan04,Siham
7642356055,Fatimabemu433,Farida Abdullah
6047555571,strobo16,STROBO🖤
906453544,Hobaibral,Hh
6303070611,aishazff,Aisha
6537404330,abdelalu,عبدالعالي
7607873477,Halima0941,أمينة محمد
6970297928,samir12213,"𝕾𝖆mi ""Meshchain.Ai"""
7865184075,Dz123trad,Traders
7793300042,Assim987,Ayman
5211470229,Amina22132,Amina
7947610617,FedEx2088,Fed
2065000020,ahmed_khlifi,AHMED
8091797222,shayu16881658,Sheldon
8083050607,bkiif047,✶ Emily ✶
7774769945,pnrkq724,✧♛✧ Chloe ✧♛✧
7433808503,KamelKamel47,Kamel
7267558190,Faiz_Faiz1,Faiz
7081681741,kamel_kam,Kamel
5878800886,abdouabdou10,Abdou
6516386603,TChinz,Xooi
8163022609,Rehankh6,Banimeneh
6214917076,Incuneu99,🖤
8163822638,Dhdrri,Abdo
7554510797,Mriyed25,iyed
8132127575,sosq9,-
6312787350,mondherzamit7,Mondher
6154215623,Spr136,ام
7302834581,Trandingp,Admine
7299277218,zakaria1_aiss,zakaria
7035808642,ayoub9499,Ayoub
7354484288,Danyal925433,Ahmed
7489265569,Omar890482,Ahmed
7485299266,Tariq957280,امنية يوسف
7478114314,Karim253846,Ahmed
7462103903,Ahmed359594,Ahmed 60
7461442145,Musa275239,Ahmed
7450833150,Latif549167,Ahmed
7446752905,Hadi650107,Ahmed
7436527084,Taimur473209,امنية يوسف
7425805122,Dawood366437,Ahmed
7423258363,Jawad534589,Ahmed
7421180866,Waseem418435,Ahmed
7404452051,Latif760527,Ahmed
7389574866,Rafiq155982,Ahmed
7383298612,Kamal180035,Ahmed
7353133424,Omar100473,Ahmed
7307432546,Professor_Mo_Sharkawyy,mohamed sharkawy (El_Proff)
7295514379,Asim489562,Ahmed
7264359552,Aamir232760,Ahmed
7262496130,Basim626322,Ahmed
7246685158,Me78doo,محمود حسن
7225802152,Waseem470292,امنية يوسف
7219493580,Tariq535600,خلاص
7208784630,Jamal918417,امنية يوسف
7189007135,Hamza277128,Ahmed
7174953078,Adel310810,Ahmed
7075496454,a7medgamal04,Ahmed Gamal
6721053665,Hadi397367,امنية يوسف
6659232766,Khalil875654,Ahmed
6531876962,Kamil901055,Ahmed
6389520351,Karim312387,Ahmed
6384351511,Samir856533,خلاص
5579783681,BAKI_59,ABDO
6688138572,se_rgo200,Hb
1834310595,khobaib85,mido 🦎
6470249879,amineamine182025,Amine
5205799082,Bmzzaki,Zaki
7941250120,jhcjjffnfhjg,🇸🇦انور السبيعي
6996366554,lindaMMG,Linda
7136303551,salisumusa56,سالزبوري
5682210379,Zakibkh,Bakhti
5935312953,Chouaibchocho,chouaib
7815270638,Piko764,Wldoyflwhl
7926032952,Samia070,سامية
5826428532,blackbird19086,Black
7798173018,tema6639,تيما
7728396213,samar3521,Usman
7568744517,WomEAM46,أمينة
8000931564,Djow12,Djow
6056930624,n222555,Mohamed
5354971141,Jwnejwh,أم سراج
5817106255,fa0f08jibrdfae9,𝓐𝓵𝓲
6662527201,fa88sbm4auq22jt,Mohammed ❤
6866703609,faxsfno3f11xkh8,•˹𝙺𝙰𝚆𝚃𝙷𝙴𝚁˼⛈💞.
7944399650,fa9mlq2nlz8q1jz,𝐅𝐑𝐈𝐃𝐀𝐘.♡
6890250251,fazees6q8uoto78,Amal
6868900984,fagayt58rum8ol5,Ali Omari
5020716560,fa4h6kiv3rl0sa1,Moon light
6971205801,favbzk0aqztsxeo,Knsh Al-abdallah ||
7105323603,faxl2tafadq9eok,Ddd Iiii
5850144234,fazkf0wsh63ne73,Hadi S
7043883618,Tdifjxugdt,nana
7978871538,AlSunni9,Mahmoud
5915564333,Aleeyouusmern1,aliyu
7554789756,Rayen770,Rayen
7204177547,Karimford,Kam
8112480809,moha_trd,Moha
7714094830,TD1596,天道
7672478757,dhdhdudsjjs,Sheldon
7637703890,goip_dz,Amine
1745013287,Oussam118,Mmm
644092178,rachmach,Рашида Мачук
7508492053,Goipdz,Passerelle
7055101075,fat1ggf6q37p53h,Abdullah Al-othmani
7140078064,alia_naww,Alia
7459558820,Hsklyh5,🐾Ahmed
7353870607,Stellabilo,𝑺𝒕𝒆𝒍𝒍𝒂🍃🎀
7859850425,wei15188,Sofia
7050249232,shayu16883,Disc
7459496593,TIHHO182,𝗧َِ𝗜َِ𝗛َِ𝗢𝟏𝟖𝟐
8029015246,scvf6789,朝天
7994139622,BUNT27,Sam7
7414213787,Luuxxx_0200,✨️💞
7302009562,Jomeft,Jo 😕
7591707337,Samirhgv76,AnisDz 🐱 MIAO
6856080695,Douaagu,Wail
6577819816,Binanceaa_360,ZAKI
6688355864,Ammmmi1920,Ja
6244373227,sam_94700,Aled
6399054497,farouuqe,Faqoo
7213272077,Naaadiaomfth,نادية
6096883837,Abhyhb,شعيب
7036459759,Olexandr2939,Olexandr
2007102552,zzc336,Abdelaali
6642034526,aminoking31,MOhamed
7372630757,gel490bs1qhrllf,A B S N C
5342589390,karimkrimo99,كريم🍅🐾Ⓜ️ MEMES🐾🦉Tearline
2104737623,Taha2500,Taha
8098499917,facai6688889999,小鹿
5885273267,Filmoraxic,Bra
7786679326,Loee_op,Tt
6305421918,ElIcapitano,Aymen
7561722101,Inversementgtier,Mahdi
1342123422,W2a1dd,..
5844374159,mo7amed9981,محمد
1686240769,Elhamel7,Ayman
7108198731,Daisy0973,DAISY-2
1601335286,Balilou2018,Bali
6673423754,Saaratime,Zinani
5298788724,med_mpp,Jr. Mohammed
6152781873,TADJOU5,Tadj
5451794031,Redoine_bouz,Redoine
6036298889,Tinaboubou,tina
7382541414,Alkrarr565,العازمي
6624632323,Kadertitou,Amir
6378899154,kazaben,ⴽⵓⵏ
5971804417,anfelnfoul,👾
1498325943,Patchika,Sofiane
321765955,HZCAB,Khaled
5995004247,Miuyb,Miom
7840231281,NafiiFX,Nafeesat
6497528595,OYVDVVVS,~~
6689583107,Abderraouf02,Abderraouf
5376579098,Midddod9384585,ام محمد
7049811964,Opopa0,Ahmed
1744697969,Business_Rayan,Rayanofficiel
6248289254,Dxxxxxx_xxx,Patix
7222514281,Ouarda2024,هدايات
6613924551,ALifandoski,موحا
7718050793,mlpawih,mm
6912379999,algeria_game,👍
2051696432,YaakoubKhi,Yaakoub
7430675722,ali0852147,Khalifa
7583786304,marialucas67,Sameer
951133707,Aamir724,Amir
1776824682,AFDB_ssaa,...
7086202492,DZ_Trader_Exchange,1‎%‎ trader
6036491177,ussdt43,Usdt
7520942227,dztrader_support2,1‎%‎ trader
1717001541,samedits9,Sa
5005015506,othoth77,Othman
5190210675,Billeldemagh,Dr.
7273311598,Tasneem_ayaad,Tasneem
6982521271,Rawanu8,ً
5891043647,Rgsrybf,It doesn't matter
7152049853,SAMivisa,SAmi
6673654540,Ggnbaaa,@battle_games_com_bot
1580136918,Remadni,Taky rem
2025101586,nanou_brk,Ha.
7188974364,zvanlothm,✨ StarGazer ✨
6523786871,Davidarrbi,Aa
6199938826,waaahib,Wahib
1151883263,DjOohaid,Djouhaid
7293400413,imraxmyy,Ramy
6664824400,Coucaracha_fp_dr_web,Pln
7481269510,mkn3u,X
5764139025,ahmed_tselkim,Ahmed
6303411119,bachir2727,ba
6632793024,its_ilyes_19,îlÿēs
7054739345,ponam9,moh
1593982748,bouNad19,🇳‌🇦‌🇩‌🇯‌🇮
6639581383,ivaiva22,maria 🍅
6777220392,Medbendouma,Moh
5412933284,imed_mlk,malki
940045371,Medtab114,No
6814566978,mbenhebesse,Mus
6406666048,mohammedzgm,محمد
5690635173,mustaphara,Mustapha
5945770289,Ishaksaxou,Ishak
6222131669,bones_si,سيف الدين
5916496869,Hh_lodi,Clara
7047912919,Prince_04ff,Abdellah
7424536591,Samisamam,Sam
5515895181,khayro2,Khayro
7352943453,vnvge,vnvge
6901469471,hshusvig,mohamed
6697801199,HA_capital,Adnan
6394820017,Aliboss229,عبد
6636530027,moh26b,محمد
1386516882,HoucineZr,Houcine Zr
6782094626,hhhhhhh21i,Zou
1718737470,Hreebat,Mohammad
5529751648,TiTOU_TLM,قلب
6144815267,Jalil2427,Jå
7194993740,rafyalo22,Estd
6079253407,LEJAIN33,حنان
5850372670,Imene1992blida,Imene
6864754644,MED09AMINE,112893
5728110079,Mouse0031,Mouse
6101406297,loki_mk,Mokrani
6681349750,Nadjme9,Nadjme
5620519518,Mohemdee,محمد
6714219285,sidahmed0077,sid
5177393002,q_h_hk,970🇩🇿
5046790141,Zakarya_aggoun,ikk._.aaz
6439787665,X_Zeg_x,زقاري
5884019882,Souad160,Souad
1235209094,Hayat10740,Hayat
5332848659,HA080894,Hamza
6382740539,Ibrahimhaggoug97SEED,TRADING
6608537716,Fars149,Damen
1098111042,Farid_reda16,Reda
5620621952,Holaco7,karam
5496154738,Tamer28,Tamer
6534087083,Amirale1983,Amiral
5351312287,bdinja,Mohaned
5832652466,Aborkan22,ركان ركان
6638428040,shaheeed_11,Shaheed 🐾
1937923149,Abdel2020bit,Jabari
2032819471,saakh00,SA
1663389185,Abdoumekh,Abdou
1079522575,Doudi1234,Noor
6021586357,skyphotool,skyphotool
6431196761,Abdou_ha40,Abdou
1650098568,Coverrc,Go to moon
1683515540,farizahadking,Fariza
5268372657,Alo16,Zaki
6469369482,feh199,Ta
949980902,CaPtEeen,𝗖𝗮𝗣𝘁𝗘𝗲𝗲𝗻 - ڪابتن
5079885237,wailchadouli,wail
5688250113,SouFa1996,Youcef
5850701773,Sami_HS,Sami_HS
1588151316,D_Abdou16,ãbdøü
959329530,I_slEm,Isl Em
6913925710,Abu_Abdullahh1,Abu Abdullah
5307263318,Madamdamada02,Mada▪️🐾
5122555484,Karmela2025,الاستاذة لطرش لاستشارات القانونية و الادارية
5584185874,USDTMILA,USDT
1841340748,EshuMaui,Ak
5817733609,Arouhidib,aria
1519841566,Midoumido,Midou
2058429265,m_trder,Trader
5500430761,XPRSE,Faisal
1222744403,SAMIIMAS75,SAMIIMAS🍅
6480425595,Kame1096,Yasser
6164288147,Youcef_ict,Youcef
6222271301,Zakhrouf2023,اسماعيل
172817067,Yassinedou,يسين
5570888744,bachi543,Bachir
6647359635,Aymen_TaHRaT,𝗔𝗬𝗠𝗘𝗡
5301734363,abdou_CAe,Abdou
1197429056,DZshoop7,Ayoub
1851967620,Islamo2000,Islam
6548906001,Royal_team84,A
5274646214,blz545,karime
5563377302,HassenMy,H$
5329185695,Bella_Asma1,𝕬𝖘𝖒𝖆💸
870173346,Fatah_95,Abd Elfattah
6285366560,ahmedbouzid036,A
5769357171,mosala700,محمد
5613668374,Nadjib1925,مكافحة النصب الإلكتروني NADJIB
5910178246,Kalachtaherzbiri,KALACH TAHER
916259612,E_S_D,ESLAM
5551879401,Malika_sadaoui27,Ome
1780879911,OrexnMan255man,JOkR
5403490947,Hmooo5o,ابو محمد
5253312399,Nadjmo1994,Nadim
5984555783,obstns,وحيد ماجد منم
1312479501,Madjido_ilias,🇲​🇦​🇩​🇯​🇮​🇩​🇴​_ 🇮​🇱​🇮​🇦​🇸​
637276623,Nasrojee,𝗡𝗮𝘀𝗿𝗼🍅
1186907317,muneer1396,muneer
5975548485,mrjjdiwuwh,مهند فؤاد عباس
5638143138,Tito201088,taher
5417496715,k_rmsu,كرم
1612581988,patheo645,Patheo
1454213739,h25mi,و
1378973201,katy67b,Ali
1536710080,salykouba,Kouba
1103575511,teron2024,Teron
5864581392,a50amn,A A A
162084299,g500h,Hamza
838497679,troqueeonline,troquee online
1965504830,azzohmd,Azzo
987846147,GBBot,⌯ DoDe €
1288648638,hmroj0011,h
5466549640,non5_514,non
1945962819,Dhanushka_Harshana_perera,Harshana
1249876567,m_kotb0,Mohamed
1142912360,uula12,..
1056187610,hasim09,حہسہأمہ
1537471018,Walidwick21,Walid PŖÖMÖȚËŖ▪️
5039775736,Fatima2819,Garde
1844303994,Alger0202,khaled
959878667,alaco6,ALA
6074238771,paypi123,paypi
686233387,atmanikhaled,Atmani khaled
5730956375,Yw132,YounesDjouhri
5665151371,Ulx2002,Omar
1925130577,amirafairouz2,Amira
5359983831,AY_REUS,RE
2039348743,chobmd,Cho
5091519503,Ouadiimohamed,Ouadii
